Monomer_1,Monomer_1_smi,active_smi1,r1,Monomer_2,Monomer_2_smi,active_smi2,r2,Temperature (K),smarts_11,smarts_12,smarts_21,smarts_22
Acrylic acid,OC(=O)C=C,*[CH2:1][CH]C(=O)O,0.24,n-Butyl methacrylate,CCCCOC(=O)C(C)=C,*[CH2:1][C](C)C(=O)OCCCC,3.5,323,*[CH2:1][CH]C(=O)O.OC(=O)C=C>>*[CH2:1]C(C(=O)O)[CH2:1][CH]C(=O)O,*[CH2:1][CH]C(=O)O.CCCCOC(=O)C(C)=C>>*[CH2:1]C(C(=O)O)[CH2:1][C](C)C(=O)OCCCC,*[CH2:1][C](C)C(=O)OCCCC.OC(=O)C=C>>*[CH2:1]C(C)(C(=O)OCCCC)[CH2:1][CH]C(=O)O,*[CH2:1][C](C)C(=O)OCCCC.CCCCOC(=O)C(C)=C>>*[CH2:1]C(C)(C(=O)OCCCC)[CH2:1][C](C)C(=O)OCCCC
Acrylic acid,OC(=O)C=C,*[CH2:1][CH]C(=O)O,0.25,Styrene,C=Cc1ccccc1,*[CH2:1][CH]c1ccccc1,0.15,333,*[CH2:1][CH]C(=O)O.OC(=O)C=C>>*[CH2:1]C(C(=O)O)[CH2:1][CH]C(=O)O,*[CH2:1][CH]C(=O)O.C=Cc1ccccc1>>*[CH2:1]C(C(=O)O)[CH2:1][CH]c1ccccc1,*[CH2:1][CH]c1ccccc1.OC(=O)C=C>>*[CH2:1]C(c1ccccc1)[CH2:1][CH]C(=O)O,*[CH2:1][CH]c1ccccc1.C=Cc1ccccc1>>*[CH2:1]C(c1ccccc1)[CH2:1][CH]c1ccccc1
Acrylic acid,OC(=O)C=C,*[CH2:1][CH]C(=O)O,8.7,Vinyl acetate,CC(=O)OC=C,*[CH2:1][CH]OC(C)=O,0.21,343,*[CH2:1][CH]C(=O)O.OC(=O)C=C>>*[CH2:1]C(C(=O)O)[CH2:1][CH]C(=O)O,*[CH2:1][CH]C(=O)O.CC(=O)OC=C>>*[CH2:1]C(C(=O)O)[CH2:1][CH]OC(C)=O,*[CH2:1][CH]OC(C)=O.OC(=O)C=C>>*[CH2:1]C(OC(C)=O)[CH2:1][CH]C(=O)O,*[CH2:1][CH]OC(C)=O.CC(=O)OC=C>>*[CH2:1]C(OC(C)=O)[CH2:1][CH]OC(C)=O
Acrylonitrile,C=CC#N,*[CH2:1][CH]C#N,0.86,Acrylamide,NC(=O)C=C,*[CH2:1][CH]C(N)=O,0.81,313,*[CH2:1][CH]C#N.C=CC#N>>*[CH2:1]C(C#N)[CH2:1][CH]C#N,*[CH2:1][CH]C#N.NC(=O)C=C>>*[CH2:1]C(C#N)[CH2:1][CH]C(N)=O,*[CH2:1][CH]C(N)=O.C=CC#N>>*[CH2:1]C(C(N)=O)[CH2:1][CH]C#N,*[CH2:1][CH]C(N)=O.NC(=O)C=C>>*[CH2:1]C(C(N)=O)[CH2:1][CH]C(N)=O
Acrylonitrile,C=CC#N,*[CH2:1][CH]C#N,0.046,"1,3-Butadiene",C=CC=C,*[CH2:1][CH]C=C,0.36,313,*[CH2:1][CH]C#N.C=CC#N>>*[CH2:1]C(C#N)[CH2:1][CH]C#N,*[CH2:1][CH]C#N.C=CC=C>>*[CH2:1]C(C#N)[CH2:1][CH]C=C,*[CH2:1][CH]C=C.C=CC#N>>*[CH2:1]C(C=C)[CH2:1][CH]C#N,*[CH2:1][CH]C=C.C=CC=C>>*[CH2:1]C(C=C)[CH2:1][CH]C=C
Acrylonitrile,C=CC#N,*[CH2:1][CH]C#N,0.69,Ethyl vinyl ether,CCOC=C,*[CH2:1][CH]OCC,0.06,353,*[CH2:1][CH]C#N.C=CC#N>>*[CH2:1]C(C#N)[CH2:1][CH]C#N,*[CH2:1][CH]C#N.CCOC=C>>*[CH2:1]C(C#N)[CH2:1][CH]OCC,*[CH2:1][CH]OCC.C=CC#N>>*[CH2:1]C(OCC)[CH2:1][CH]C#N,*[CH2:1][CH]OCC.CCOC=C>>*[CH2:1]C(OCC)[CH2:1][CH]OCC
Acrylonitrile,C=CC#N,*[CH2:1][CH]C#N,0.98,Isobutylene,CC(C)=C,*[CH2:1][C](C)C,0.02,323,*[CH2:1][CH]C#N.C=CC#N>>*[CH2:1]C(C#N)[CH2:1][CH]C#N,*[CH2:1][CH]C#N.CC(C)=C>>*[CH2:1]C(C#N)[CH2:1][C](C)C,*[CH2:1][C](C)C.C=CC#N>>*[CH2:1]C(C)(C)[CH2:1][CH]C#N,*[CH2:1][C](C)C.CC(C)=C>>*[CH2:1]C(C)(C)[CH2:1][C](C)C
Acrylonitrile,C=CC#N,*[CH2:1][CH]C#N,1.5,Methyl acrylate,COC(=O)C=C,*[CH2:1][CH]C(=O)OC,0.84,323,*[CH2:1][CH]C#N.C=CC#N>>*[CH2:1]C(C#N)[CH2:1][CH]C#N,*[CH2:1][CH]C#N.COC(=O)C=C>>*[CH2:1]C(C#N)[CH2:1][CH]C(=O)OC,*[CH2:1][CH]C(=O)OC.C=CC#N>>*[CH2:1]C(C(=O)OC)[CH2:1][CH]C#N,*[CH2:1][CH]C(=O)OC.COC(=O)C=C>>*[CH2:1]C(C(=O)OC)[CH2:1][CH]C(=O)OC
Acrylonitrile,C=CC#N,*[CH2:1][CH]C#N,0.14,Methyl methacrylate,COC(=O)C(C)=C,*[CH2:1][C](C)C(=O)OC,1.3,343,*[CH2:1][CH]C#N.C=CC#N>>*[CH2:1]C(C#N)[CH2:1][CH]C#N,*[CH2:1][CH]C#N.COC(=O)C(C)=C>>*[CH2:1]C(C#N)[CH2:1][C](C)C(=O)OC,*[CH2:1][C](C)C(=O)OC.C=CC#N>>*[CH2:1]C(C)(C(=O)OC)[CH2:1][CH]C#N,*[CH2:1][C](C)C(=O)OC.COC(=O)C(C)=C>>*[CH2:1]C(C)(C(=O)OC)[CH2:1][C](C)C(=O)OC
Acrylonitrile,C=CC#N,*[CH2:1][CH]C#N,0.02,Styrene,C=Cc1ccccc1,*[CH2:1][CH]c1ccccc1,0.29,333,*[CH2:1][CH]C#N.C=CC#N>>*[CH2:1]C(C#N)[CH2:1][CH]C#N,*[CH2:1][CH]C#N.C=Cc1ccccc1>>*[CH2:1]C(C#N)[CH2:1][CH]c1ccccc1,*[CH2:1][CH]c1ccccc1.C=CC#N>>*[CH2:1]C(c1ccccc1)[CH2:1][CH]C#N,*[CH2:1][CH]c1ccccc1.C=Cc1ccccc1>>*[CH2:1]C(c1ccccc1)[CH2:1][CH]c1ccccc1
Acrylonitrile,C=CC#N,*[CH2:1][CH]C#N,5.5,Vinyl acetate,CC(=O)OC=C,*[CH2:1][CH]OC(C)=O,0.06,343,*[CH2:1][CH]C#N.C=CC#N>>*[CH2:1]C(C#N)[CH2:1][CH]C#N,*[CH2:1][CH]C#N.CC(=O)OC=C>>*[CH2:1]C(C#N)[CH2:1][CH]OC(C)=O,*[CH2:1][CH]OC(C)=O.C=CC#N>>*[CH2:1]C(OC(C)=O)[CH2:1][CH]C#N,*[CH2:1][CH]OC(C)=O.CC(=O)OC=C>>*[CH2:1]C(OC(C)=O)[CH2:1][CH]OC(C)=O
Acrylonitrile,C=CC#N,*[CH2:1][CH]C#N,3.6,Vinyl chloride,ClC=C,*[CH2:1][CH]Cl,0.044,323,*[CH2:1][CH]C#N.C=CC#N>>*[CH2:1]C(C#N)[CH2:1][CH]C#N,*[CH2:1][CH]C#N.ClC=C>>*[CH2:1]C(C#N)[CH2:1][CH]Cl,*[CH2:1][CH]Cl.C=CC#N>>*[CH2:1]C(Cl)[CH2:1][CH]C#N,*[CH2:1][CH]Cl.ClC=C>>*[CH2:1]C(Cl)[CH2:1][CH]Cl
Acrylonitrile,C=CC#N,*[CH2:1][CH]C#N,0.92,Vinylidene chloride,ClC(Cl)=C,*[CH2:1][C](Cl)Cl,0.32,333,*[CH2:1][CH]C#N.C=CC#N>>*[CH2:1]C(C#N)[CH2:1][CH]C#N,*[CH2:1][CH]C#N.ClC(Cl)=C>>*[CH2:1]C(C#N)[CH2:1][C](Cl)Cl,*[CH2:1][C](Cl)Cl.C=CC#N>>*[CH2:1]C(Cl)(Cl)[CH2:1][CH]C#N,*[CH2:1][C](Cl)Cl.ClC(Cl)=C>>*[CH2:1]C(Cl)(Cl)[CH2:1][C](Cl)Cl
Acrylonitrile,C=CC#N,*[CH2:1][CH]C#N,0.11,4-Vinylpyridine,C=Cc1ccncc1,*[CH2:1][CH]c1ccncc1,0.41,333,*[CH2:1][CH]C#N.C=CC#N>>*[CH2:1]C(C#N)[CH2:1][CH]C#N,*[CH2:1][CH]C#N.C=Cc1ccncc1>>*[CH2:1]C(C#N)[CH2:1][CH]c1ccncc1,*[CH2:1][CH]c1ccncc1.C=CC#N>>*[CH2:1]C(c1ccncc1)[CH2:1][CH]C#N,*[CH2:1][CH]c1ccncc1.C=Cc1ccncc1>>*[CH2:1]C(c1ccncc1)[CH2:1][CH]c1ccncc1
Allyl acetate,CC(=O)OCC=C,*[CH2:1][CH]COC(C)=O,0.0,Methyl methacrylate,COC(=O)C(C)=C,*[CH2:1][C](C)C(=O)OC,23.0,333,*[CH2:1][CH]COC(C)=O.CC(=O)OCC=C>>*[CH2:1]C(COC(C)=O)[CH2:1][CH]COC(C)=O,*[CH2:1][CH]COC(C)=O.COC(=O)C(C)=C>>*[CH2:1]C(COC(C)=O)[CH2:1][C](C)C(=O)OC,*[CH2:1][C](C)C(=O)OC.CC(=O)OCC=C>>*[CH2:1]C(C)(C(=O)OC)[CH2:1][CH]COC(C)=O,*[CH2:1][C](C)C(=O)OC.COC(=O)C(C)=C>>*[CH2:1]C(C)(C(=O)OC)[CH2:1][C](C)C(=O)OC
Allyl acetate,CC(=O)OCC=C,*[CH2:1][CH]COC(C)=O,0.0,Styrene,C=Cc1ccccc1,*[CH2:1][CH]c1ccccc1,90.0,333,*[CH2:1][CH]COC(C)=O.CC(=O)OCC=C>>*[CH2:1]C(COC(C)=O)[CH2:1][CH]COC(C)=O,*[CH2:1][CH]COC(C)=O.C=Cc1ccccc1>>*[CH2:1]C(COC(C)=O)[CH2:1][CH]c1ccccc1,*[CH2:1][CH]c1ccccc1.CC(=O)OCC=C>>*[CH2:1]C(c1ccccc1)[CH2:1][CH]COC(C)=O,*[CH2:1][CH]c1ccccc1.C=Cc1ccccc1>>*[CH2:1]C(c1ccccc1)[CH2:1][CH]c1ccccc1
Allyl acetate,CC(=O)OCC=C,*[CH2:1][CH]COC(C)=O,0.7,Vinyl acetate,CC(=O)OC=C,*[CH2:1][CH]OC(C)=O,1.0,333,*[CH2:1][CH]COC(C)=O.CC(=O)OCC=C>>*[CH2:1]C(COC(C)=O)[CH2:1][CH]COC(C)=O,*[CH2:1][CH]COC(C)=O.CC(=O)OC=C>>*[CH2:1]C(COC(C)=O)[CH2:1][CH]OC(C)=O,*[CH2:1][CH]OC(C)=O.CC(=O)OCC=C>>*[CH2:1]C(OC(C)=O)[CH2:1][CH]COC(C)=O,*[CH2:1][CH]OC(C)=O.CC(=O)OC=C>>*[CH2:1]C(OC(C)=O)[CH2:1][CH]OC(C)=O
"1,3-Butadiene",C=CC=C,*[CH2:1][CH]C=C,0.75,Methyl methacrylate,COC(=O)C(C)=C,*[CH2:1][C](C)C(=O)OC,0.25,363,*[CH2:1][CH]C=C.C=CC=C>>*[CH2:1]C(C=C)[CH2:1][CH]C=C,*[CH2:1][CH]C=C.COC(=O)C(C)=C>>*[CH2:1]C(C=C)[CH2:1][C](C)C(=O)OC,*[CH2:1][C](C)C(=O)OC.C=CC=C>>*[CH2:1]C(C)(C(=O)OC)[CH2:1][CH]C=C,*[CH2:1][C](C)C(=O)OC.COC(=O)C(C)=C>>*[CH2:1]C(C)(C(=O)OC)[CH2:1][C](C)C(=O)OC
"1,3-Butadiene",C=CC=C,*[CH2:1][CH]C=C,1.4,Styrene,C=Cc1ccccc1,*[CH2:1][CH]c1ccccc1,0.58,323,*[CH2:1][CH]C=C.C=CC=C>>*[CH2:1]C(C=C)[CH2:1][CH]C=C,*[CH2:1][CH]C=C.C=Cc1ccccc1>>*[CH2:1]C(C=C)[CH2:1][CH]c1ccccc1,*[CH2:1][CH]c1ccccc1.C=CC=C>>*[CH2:1]C(c1ccccc1)[CH2:1][CH]C=C,*[CH2:1][CH]c1ccccc1.C=Cc1ccccc1>>*[CH2:1]C(c1ccccc1)[CH2:1][CH]c1ccccc1
"1,3-Butadiene",C=CC=C,*[CH2:1][CH]C=C,8.8,Vinyl chloride,ClC=C,*[CH2:1][CH]Cl,0.04,323,*[CH2:1][CH]C=C.C=CC=C>>*[CH2:1]C(C=C)[CH2:1][CH]C=C,*[CH2:1][CH]C=C.ClC=C>>*[CH2:1]C(C=C)[CH2:1][CH]Cl,*[CH2:1][CH]Cl.C=CC=C>>*[CH2:1]C(Cl)[CH2:1][CH]C=C,*[CH2:1][CH]Cl.ClC=C>>*[CH2:1]C(Cl)[CH2:1][CH]Cl
Diethyl fumarate,CCOC(=O)/C=C/C(=O)OCC,*[CH:1]([CH]C(=O)OCC)C(=O)OCC,0.0,Acrylonitrile,C=CC#N,*[CH2:1][CH]C#N,8.0,333,*[CH:1]([CH]C(=O)OCC)C(=O)OCC.CCOC(=O)/C=C/C(=O)OCC>>*[CH:1](C(=O)OCC)C(C(=O)OCC)[CH:1]([CH]C(=O)OCC)C(=O)OCC,*[CH:1]([CH]C(=O)OCC)C(=O)OCC.C=CC#N>>*[CH:1](C(=O)OCC)C(C(=O)OCC)[CH2:1][CH]C#N,*[CH2:1][CH]C#N.CCOC(=O)/C=C/C(=O)OCC>>*[CH2:1]C(C#N)[CH:1]([CH]C(=O)OCC)C(=O)OCC,*[CH2:1][CH]C#N.C=CC#N>>*[CH2:1]C(C#N)[CH2:1][CH]C#N
Diethyl fumarate,CCOC(=O)/C=C/C(=O)OCC,*[CH:1]([CH]C(=O)OCC)C(=O)OCC,0.07,Styrene,C=Cc1ccccc1,*[CH2:1][CH]c1ccccc1,0.3,333,*[CH:1]([CH]C(=O)OCC)C(=O)OCC.CCOC(=O)/C=C/C(=O)OCC>>*[CH:1](C(=O)OCC)C(C(=O)OCC)[CH:1]([CH]C(=O)OCC)C(=O)OCC,*[CH:1]([CH]C(=O)OCC)C(=O)OCC.C=Cc1ccccc1>>*[CH:1](C(=O)OCC)C(C(=O)OCC)[CH2:1][CH]c1ccccc1,*[CH2:1][CH]c1ccccc1.CCOC(=O)/C=C/C(=O)OCC>>*[CH2:1]C(c1ccccc1)[CH:1]([CH]C(=O)OCC)C(=O)OCC,*[CH2:1][CH]c1ccccc1.C=Cc1ccccc1>>*[CH2:1]C(c1ccccc1)[CH2:1][CH]c1ccccc1
Diethyl fumarate,CCOC(=O)/C=C/C(=O)OCC,*[CH:1]([CH]C(=O)OCC)C(=O)OCC,0.44,Vinyl acetate,CC(=O)OC=C,*[CH2:1][CH]OC(C)=O,0.011,333,*[CH:1]([CH]C(=O)OCC)C(=O)OCC.CCOC(=O)/C=C/C(=O)OCC>>*[CH:1](C(=O)OCC)C(C(=O)OCC)[CH:1]([CH]C(=O)OCC)C(=O)OCC,*[CH:1]([CH]C(=O)OCC)C(=O)OCC.CC(=O)OC=C>>*[CH:1](C(=O)OCC)C(C(=O)OCC)[CH2:1][CH]OC(C)=O,*[CH2:1][CH]OC(C)=O.CCOC(=O)/C=C/C(=O)OCC>>*[CH2:1]C(OC(C)=O)[CH:1]([CH]C(=O)OCC)C(=O)OCC,*[CH2:1][CH]OC(C)=O.CC(=O)OC=C>>*[CH2:1]C(OC(C)=O)[CH2:1][CH]OC(C)=O
Diethyl fumarate,CCOC(=O)/C=C/C(=O)OCC,*[CH:1]([CH]C(=O)OCC)C(=O)OCC,0.48,Vinyl chloride,ClC=C,*[CH2:1][CH]Cl,0.13,333,*[CH:1]([CH]C(=O)OCC)C(=O)OCC.CCOC(=O)/C=C/C(=O)OCC>>*[CH:1](C(=O)OCC)C(C(=O)OCC)[CH:1]([CH]C(=O)OCC)C(=O)OCC,*[CH:1]([CH]C(=O)OCC)C(=O)OCC.ClC=C>>*[CH:1](C(=O)OCC)C(C(=O)OCC)[CH2:1][CH]Cl,*[CH2:1][CH]Cl.CCOC(=O)/C=C/C(=O)OCC>>*[CH2:1]C(Cl)[CH:1]([CH]C(=O)OCC)C(=O)OCC,*[CH2:1][CH]Cl.ClC=C>>*[CH2:1]C(Cl)[CH2:1][CH]Cl
Diethyl maleate,CCOC(=O)\C=C/C(=O)OCC,*[CH:1]([CH]C(=O)OCC)C(=O)OCC,0.0,Acrylonitrile,C=CC#N,*[CH2:1][CH]C#N,12.0,333,*[CH:1]([CH]C(=O)OCC)C(=O)OCC.CCOC(=O)\C=C/C(=O)OCC>>*[CH:1](C(=O)OCC)C(C(=O)OCC)[CH:1]([CH]C(=O)OCC)C(=O)OCC,*[CH:1]([CH]C(=O)OCC)C(=O)OCC.C=CC#N>>*[CH:1](C(=O)OCC)C(C(=O)OCC)[CH2:1][CH]C#N,*[CH2:1][CH]C#N.CCOC(=O)\C=C/C(=O)OCC>>*[CH2:1]C(C#N)[CH:1]([CH]C(=O)OCC)C(=O)OCC,*[CH2:1][CH]C#N.C=CC#N>>*[CH2:1]C(C#N)[CH2:1][CH]C#N
Diethyl maleate,CCOC(=O)\C=C/C(=O)OCC,*[CH:1]([CH]C(=O)OCC)C(=O)OCC,0.0,Methyl methacrylate,COC(=O)C(C)=C,*[CH2:1][C](C)C(=O)OC,20.0,333,*[CH:1]([CH]C(=O)OCC)C(=O)OCC.CCOC(=O)\C=C/C(=O)OCC>>*[CH:1](C(=O)OCC)C(C(=O)OCC)[CH:1]([CH]C(=O)OCC)C(=O)OCC,*[CH:1]([CH]C(=O)OCC)C(=O)OCC.COC(=O)C(C)=C>>*[CH:1](C(=O)OCC)C(C(=O)OCC)[CH2:1][C](C)C(=O)OC,*[CH2:1][C](C)C(=O)OC.CCOC(=O)\C=C/C(=O)OCC>>*[CH2:1]C(C)(C(=O)OC)[CH:1]([CH]C(=O)OCC)C(=O)OCC,*[CH2:1][C](C)C(=O)OC.COC(=O)C(C)=C>>*[CH2:1]C(C)(C(=O)OC)[CH2:1][C](C)C(=O)OC
Diethyl maleate,CCOC(=O)\C=C/C(=O)OCC,*[CH:1]([CH]C(=O)OCC)C(=O)OCC,0.01,Styrene,C=Cc1ccccc1,*[CH2:1][CH]c1ccccc1,6.1,343,*[CH:1]([CH]C(=O)OCC)C(=O)OCC.CCOC(=O)\C=C/C(=O)OCC>>*[CH:1](C(=O)OCC)C(C(=O)OCC)[CH:1]([CH]C(=O)OCC)C(=O)OCC,*[CH:1]([CH]C(=O)OCC)C(=O)OCC.C=Cc1ccccc1>>*[CH:1](C(=O)OCC)C(C(=O)OCC)[CH2:1][CH]c1ccccc1,*[CH2:1][CH]c1ccccc1.CCOC(=O)\C=C/C(=O)OCC>>*[CH2:1]C(c1ccccc1)[CH:1]([CH]C(=O)OCC)C(=O)OCC,*[CH2:1][CH]c1ccccc1.C=Cc1ccccc1>>*[CH2:1]C(c1ccccc1)[CH2:1][CH]c1ccccc1
Diethyl maleate,CCOC(=O)\C=C/C(=O)OCC,*[CH:1]([CH]C(=O)OCC)C(=O)OCC,0.04,Vinyl acetate,CC(=O)OC=C,*[CH2:1][CH]OC(C)=O,0.17,333,*[CH:1]([CH]C(=O)OCC)C(=O)OCC.CCOC(=O)\C=C/C(=O)OCC>>*[CH:1](C(=O)OCC)C(C(=O)OCC)[CH:1]([CH]C(=O)OCC)C(=O)OCC,*[CH:1]([CH]C(=O)OCC)C(=O)OCC.CC(=O)OC=C>>*[CH:1](C(=O)OCC)C(C(=O)OCC)[CH2:1][CH]OC(C)=O,*[CH2:1][CH]OC(C)=O.CCOC(=O)\C=C/C(=O)OCC>>*[CH2:1]C(OC(C)=O)[CH:1]([CH]C(=O)OCC)C(=O)OCC,*[CH2:1][CH]OC(C)=O.CC(=O)OC=C>>*[CH2:1]C(OC(C)=O)[CH2:1][CH]OC(C)=O
Diethyl maleate,CCOC(=O)\C=C/C(=O)OCC,*[CH:1]([CH]C(=O)OCC)C(=O)OCC,0.046,Vinyl chloride,ClC=C,*[CH2:1][CH]Cl,0.9,343,*[CH:1]([CH]C(=O)OCC)C(=O)OCC.CCOC(=O)\C=C/C(=O)OCC>>*[CH:1](C(=O)OCC)C(C(=O)OCC)[CH:1]([CH]C(=O)OCC)C(=O)OCC,*[CH:1]([CH]C(=O)OCC)C(=O)OCC.ClC=C>>*[CH:1](C(=O)OCC)C(C(=O)OCC)[CH2:1][CH]Cl,*[CH2:1][CH]Cl.CCOC(=O)\C=C/C(=O)OCC>>*[CH2:1]C(Cl)[CH:1]([CH]C(=O)OCC)C(=O)OCC,*[CH2:1][CH]Cl.ClC=C>>*[CH2:1]C(Cl)[CH2:1][CH]Cl
Ethylene,C=C,*[CH2:1][CH2],0.0,Acrylonitrile,C=CC#N,*[CH2:1][CH]C#N,7.0,293,*[CH2:1][CH2].C=C>>*[CH2:1]C[CH2:1][CH2],*[CH2:1][CH2].C=CC#N>>*[CH2:1]C[CH2:1][CH]C#N,*[CH2:1][CH]C#N.C=C>>*[CH2:1]C(C#N)[CH2:1][CH2],*[CH2:1][CH]C#N.C=CC#N>>*[CH2:1]C(C#N)[CH2:1][CH]C#N
Ethylene,C=C,*[CH2:1][CH2],0.01,n-Butyl acrylate,CCCCOC(=O)C=C,*[CH2:1][CH]C(=O)OCCCC,14.0,423,*[CH2:1][CH2].C=C>>*[CH2:1]C[CH2:1][CH2],*[CH2:1][CH2].CCCCOC(=O)C=C>>*[CH2:1]C[CH2:1][CH]C(=O)OCCCC,*[CH2:1][CH]C(=O)OCCCC.C=C>>*[CH2:1]C(C(=O)OCCCC)[CH2:1][CH2],*[CH2:1][CH]C(=O)OCCCC.CCCCOC(=O)C=C>>*[CH2:1]C(C(=O)OCCCC)[CH2:1][CH]C(=O)OCCCC
Ethylene,C=C,*[CH2:1][CH2],0.38,Tetrafluoroethylene,FC(F)=C(F)F,*[C:1](F)(F)[C](F)F,0.1,298,*[CH2:1][CH2].C=C>>*[CH2:1]C[CH2:1][CH2],*[CH2:1][CH2].FC(F)=C(F)F>>*[CH2:1]C[C:1](F)(F)[C](F)F,*[C:1](F)(F)[C](F)F.C=C>>*[C:1](F)(F)C(F)(F)[CH2:1][CH2],*[C:1](F)(F)[C](F)F.FC(F)=C(F)F>>*[C:1](F)(F)C(F)(F)[C:1](F)(F)[C](F)F
Ethylene,C=C,*[CH2:1][CH2],0.79,Vinyl acetate,CC(=O)OC=C,*[CH2:1][CH]OC(C)=O,1.4,403,*[CH2:1][CH2].C=C>>*[CH2:1]C[CH2:1][CH2],*[CH2:1][CH2].CC(=O)OC=C>>*[CH2:1]C[CH2:1][CH]OC(C)=O,*[CH2:1][CH]OC(C)=O.C=C>>*[CH2:1]C(OC(C)=O)[CH2:1][CH2],*[CH2:1][CH]OC(C)=O.CC(=O)OC=C>>*[CH2:1]C(OC(C)=O)[CH2:1][CH]OC(C)=O
Fumaronitrile,N#C/C=C/C#N,*[CH:1](C#N)[CH]C#N,0.0,Methyl methacrylate,COC(=O)C(C)=C,*[CH2:1][C](C)C(=O)OC,6.7,352,*[CH:1](C#N)[CH]C#N.N#C/C=C/C#N>>*[CH:1](C#N)C(C#N)[CH:1](C#N)[CH]C#N,*[CH:1](C#N)[CH]C#N.COC(=O)C(C)=C>>*[CH:1](C#N)C(C#N)[CH2:1][C](C)C(=O)OC,*[CH2:1][C](C)C(=O)OC.N#C/C=C/C#N>>*[CH2:1]C(C)(C(=O)OC)[CH:1](C#N)[CH]C#N,*[CH2:1][C](C)C(=O)OC.COC(=O)C(C)=C>>*[CH2:1]C(C)(C(=O)OC)[CH2:1][C](C)C(=O)OC
Fumaronitrile,N#C/C=C/C#N,*[CH:1](C#N)[CH]C#N,0.006,Styrene,C=Cc1ccccc1,*[CH2:1][CH]c1ccccc1,0.29,338,*[CH:1](C#N)[CH]C#N.N#C/C=C/C#N>>*[CH:1](C#N)C(C#N)[CH:1](C#N)[CH]C#N,*[CH:1](C#N)[CH]C#N.C=Cc1ccccc1>>*[CH:1](C#N)C(C#N)[CH2:1][CH]c1ccccc1,*[CH2:1][CH]c1ccccc1.N#C/C=C/C#N>>*[CH2:1]C(c1ccccc1)[CH:1](C#N)[CH]C#N,*[CH2:1][CH]c1ccccc1.C=Cc1ccccc1>>*[CH2:1]C(c1ccccc1)[CH2:1][CH]c1ccccc1
Maleic anhydride,O=C1OC(=O)C=C1,*[CH:1]1[CH]C(=O)OC1=O,0.0,Acrylonitrile,C=CC#N,*[CH2:1][CH]C#N,6.0,333,*[CH:1]1[CH]C(=O)OC1=O.O=C1OC(=O)C=C1>>*[CH:1]1C(=O)OC(=O)C1[CH:1]1[CH]C(=O)OC1=O,*[CH:1]1[CH]C(=O)OC1=O.C=CC#N>>*[CH:1]1C(=O)OC(=O)C1[CH2:1][CH]C#N,*[CH2:1][CH]C#N.O=C1OC(=O)C=C1>>*[CH2:1]C(C#N)[CH:1]1[CH]C(=O)OC1=O,*[CH2:1][CH]C#N.C=CC#N>>*[CH2:1]C(C#N)[CH2:1][CH]C#N
Maleic anhydride,O=C1OC(=O)C=C1,*[CH:1]1[CH]C(=O)OC1=O,0.045,n-Butyl vinyl ether,CCCCOC=C,*[CH2:1][CH]OCCCC,0.0,323,*[CH:1]1[CH]C(=O)OC1=O.O=C1OC(=O)C=C1>>*[CH:1]1C(=O)OC(=O)C1[CH:1]1[CH]C(=O)OC1=O,*[CH:1]1[CH]C(=O)OC1=O.CCCCOC=C>>*[CH:1]1C(=O)OC(=O)C1[CH2:1][CH]OCCCC,*[CH2:1][CH]OCCCC.O=C1OC(=O)C=C1>>*[CH2:1]C(OCCCC)[CH:1]1[CH]C(=O)OC1=O,*[CH2:1][CH]OCCCC.CCCCOC=C>>*[CH2:1]C(OCCCC)[CH2:1][CH]OCCCC
Maleic anhydride,O=C1OC(=O)C=C1,*[CH:1]1[CH]C(=O)OC1=O,0.012,Methyl acrylate,COC(=O)C=C,*[CH2:1][CH]C(=O)OC,2.8,348,*[CH:1]1[CH]C(=O)OC1=O.O=C1OC(=O)C=C1>>*[CH:1]1C(=O)OC(=O)C1[CH:1]1[CH]C(=O)OC1=O,*[CH:1]1[CH]C(=O)OC1=O.COC(=O)C=C>>*[CH:1]1C(=O)OC(=O)C1[CH2:1][CH]C(=O)OC,*[CH2:1][CH]C(=O)OC.O=C1OC(=O)C=C1>>*[CH2:1]C(C(=O)OC)[CH:1]1[CH]C(=O)OC1=O,*[CH2:1][CH]C(=O)OC.COC(=O)C=C>>*[CH2:1]C(C(=O)OC)[CH2:1][CH]C(=O)OC
Maleic anhydride,O=C1OC(=O)C=C1,*[CH:1]1[CH]C(=O)OC1=O,0.01,Methyl methacrylate,COC(=O)C(C)=C,*[CH2:1][C](C)C(=O)OC,3.4,348,*[CH:1]1[CH]C(=O)OC1=O.O=C1OC(=O)C=C1>>*[CH:1]1C(=O)OC(=O)C1[CH:1]1[CH]C(=O)OC1=O,*[CH:1]1[CH]C(=O)OC1=O.COC(=O)C(C)=C>>*[CH:1]1C(=O)OC(=O)C1[CH2:1][C](C)C(=O)OC,*[CH2:1][C](C)C(=O)OC.O=C1OC(=O)C=C1>>*[CH2:1]C(C)(C(=O)OC)[CH:1]1[CH]C(=O)OC1=O,*[CH2:1][C](C)C(=O)OC.COC(=O)C(C)=C>>*[CH2:1]C(C)(C(=O)OC)[CH2:1][C](C)C(=O)OC
Maleic anhydride,O=C1OC(=O)C=C1,*[CH:1]1[CH]C(=O)OC1=O,0.08,cis-Stilbene,c1ccc(cc1)\C=C/c2ccccc2,*[CH:1]([CH]c1ccccc1)c1ccccc1,0.07,333,*[CH:1]1[CH]C(=O)OC1=O.O=C1OC(=O)C=C1>>*[CH:1]1C(=O)OC(=O)C1[CH:1]1[CH]C(=O)OC1=O,*[CH:1]1[CH]C(=O)OC1=O.c1ccc(cc1)\C=C/c2ccccc2>>*[CH:1]1C(=O)OC(=O)C1[CH:1]([CH]c1ccccc1)c1ccccc1,*[CH:1]([CH]c1ccccc1)c1ccccc1.O=C1OC(=O)C=C1>>*[CH:1](c1ccccc1)C(c1ccccc1)[CH:1]1[CH]C(=O)OC1=O,*[CH:1]([CH]c1ccccc1)c1ccccc1.c1ccc(cc1)\C=C/c2ccccc2>>*[CH:1](c1ccccc1)C(c1ccccc1)[CH:1]([CH]c1ccccc1)c1ccccc1
Maleic anhydride,O=C1OC(=O)C=C1,*[CH:1]1[CH]C(=O)OC1=O,0.03,trans-Stilbene,c1ccc(cc1)\C=C\c2ccccc2,*[CH:1]([CH]c1ccccc1)c1ccccc1,0.03,333,*[CH:1]1[CH]C(=O)OC1=O.O=C1OC(=O)C=C1>>*[CH:1]1C(=O)OC(=O)C1[CH:1]1[CH]C(=O)OC1=O,*[CH:1]1[CH]C(=O)OC1=O.c1ccc(cc1)\C=C\c2ccccc2>>*[CH:1]1C(=O)OC(=O)C1[CH:1]([CH]c1ccccc1)c1ccccc1,*[CH:1]([CH]c1ccccc1)c1ccccc1.O=C1OC(=O)C=C1>>*[CH:1](c1ccccc1)C(c1ccccc1)[CH:1]1[CH]C(=O)OC1=O,*[CH:1]([CH]c1ccccc1)c1ccccc1.c1ccc(cc1)\C=C\c2ccccc2>>*[CH:1](c1ccccc1)C(c1ccccc1)[CH:1]([CH]c1ccccc1)c1ccccc1
Maleic anhydride,O=C1OC(=O)C=C1,*[CH:1]1[CH]C(=O)OC1=O,0.005,Styrene,C=Cc1ccccc1,*[CH2:1][CH]c1ccccc1,0.05,323,*[CH:1]1[CH]C(=O)OC1=O.O=C1OC(=O)C=C1>>*[CH:1]1C(=O)OC(=O)C1[CH:1]1[CH]C(=O)OC1=O,*[CH:1]1[CH]C(=O)OC1=O.C=Cc1ccccc1>>*[CH:1]1C(=O)OC(=O)C1[CH2:1][CH]c1ccccc1,*[CH2:1][CH]c1ccccc1.O=C1OC(=O)C=C1>>*[CH2:1]C(c1ccccc1)[CH:1]1[CH]C(=O)OC1=O,*[CH2:1][CH]c1ccccc1.C=Cc1ccccc1>>*[CH2:1]C(c1ccccc1)[CH2:1][CH]c1ccccc1
Maleic anhydride,O=C1OC(=O)C=C1,*[CH:1]1[CH]C(=O)OC1=O,0.0,Vinyl acetate,CC(=O)OC=C,*[CH2:1][CH]OC(C)=O,0.019,348,*[CH:1]1[CH]C(=O)OC1=O.O=C1OC(=O)C=C1>>*[CH:1]1C(=O)OC(=O)C1[CH:1]1[CH]C(=O)OC1=O,*[CH:1]1[CH]C(=O)OC1=O.CC(=O)OC=C>>*[CH:1]1C(=O)OC(=O)C1[CH2:1][CH]OC(C)=O,*[CH2:1][CH]OC(C)=O.O=C1OC(=O)C=C1>>*[CH2:1]C(OC(C)=O)[CH:1]1[CH]C(=O)OC1=O,*[CH2:1][CH]OC(C)=O.CC(=O)OC=C>>*[CH2:1]C(OC(C)=O)[CH2:1][CH]OC(C)=O
Maleic anhydride,O=C1OC(=O)C=C1,*[CH:1]1[CH]C(=O)OC1=O,0.0,Vinyl chloride,ClC=C,*[CH2:1][CH]Cl,0.098,348,*[CH:1]1[CH]C(=O)OC1=O.O=C1OC(=O)C=C1>>*[CH:1]1C(=O)OC(=O)C1[CH:1]1[CH]C(=O)OC1=O,*[CH:1]1[CH]C(=O)OC1=O.ClC=C>>*[CH:1]1C(=O)OC(=O)C1[CH2:1][CH]Cl,*[CH2:1][CH]Cl.O=C1OC(=O)C=C1>>*[CH2:1]C(Cl)[CH:1]1[CH]C(=O)OC1=O,*[CH2:1][CH]Cl.ClC=C>>*[CH2:1]C(Cl)[CH2:1][CH]Cl
Methacrylic acid,CC(=C)C(O)=O,*[CH2:1][C](C)C(=O)O,2.4,Acrylonitrile,C=CC#N,*[CH2:1][CH]C#N,0.092,343,*[CH2:1][C](C)C(=O)O.CC(=C)C(O)=O>>*[CH2:1]C(C)(C(=O)O)[CH2:1][C](C)C(=O)O,*[CH2:1][C](C)C(=O)O.C=CC#N>>*[CH2:1]C(C)(C(=O)O)[CH2:1][CH]C#N,*[CH2:1][CH]C#N.CC(=C)C(O)=O>>*[CH2:1]C(C#N)[CH2:1][C](C)C(=O)O,*[CH2:1][CH]C#N.C=CC#N>>*[CH2:1]C(C#N)[CH2:1][CH]C#N
Methacrylic acid,CC(=C)C(O)=O,*[CH2:1][C](C)C(=O)O,0.6,Styrene,C=Cc1ccccc1,*[CH2:1][CH]c1ccccc1,0.12,333,*[CH2:1][C](C)C(=O)O.CC(=C)C(O)=O>>*[CH2:1]C(C)(C(=O)O)[CH2:1][C](C)C(=O)O,*[CH2:1][C](C)C(=O)O.C=Cc1ccccc1>>*[CH2:1]C(C)(C(=O)O)[CH2:1][CH]c1ccccc1,*[CH2:1][CH]c1ccccc1.CC(=C)C(O)=O>>*[CH2:1]C(c1ccccc1)[CH2:1][C](C)C(=O)O,*[CH2:1][CH]c1ccccc1.C=Cc1ccccc1>>*[CH2:1]C(c1ccccc1)[CH2:1][CH]c1ccccc1
Methacrylic acid,CC(=C)C(O)=O,*[CH2:1][C](C)C(=O)O,24.0,Vinyl chloride,ClC=C,*[CH2:1][CH]Cl,0.064,323,*[CH2:1][C](C)C(=O)O.CC(=C)C(O)=O>>*[CH2:1]C(C)(C(=O)O)[CH2:1][C](C)C(=O)O,*[CH2:1][C](C)C(=O)O.ClC=C>>*[CH2:1]C(C)(C(=O)O)[CH2:1][CH]Cl,*[CH2:1][CH]Cl.CC(=C)C(O)=O>>*[CH2:1]C(Cl)[CH2:1][C](C)C(=O)O,*[CH2:1][CH]Cl.ClC=C>>*[CH2:1]C(Cl)[CH2:1][CH]Cl
Methacrylic acid,CC(=C)C(O)=O,*[CH2:1][C](C)C(=O)O,0.58,2-Vinylpyridine,C=Cc1ccccn1,*[CH2:1][CH]c1ccccn1,1.7,343,*[CH2:1][C](C)C(=O)O.CC(=C)C(O)=O>>*[CH2:1]C(C)(C(=O)O)[CH2:1][C](C)C(=O)O,*[CH2:1][C](C)C(=O)O.C=Cc1ccccn1>>*[CH2:1]C(C)(C(=O)O)[CH2:1][CH]c1ccccn1,*[CH2:1][CH]c1ccccn1.CC(=C)C(O)=O>>*[CH2:1]C(c1ccccn1)[CH2:1][C](C)C(=O)O,*[CH2:1][CH]c1ccccn1.C=Cc1ccccn1>>*[CH2:1]C(c1ccccn1)[CH2:1][CH]c1ccccn1
Methacrylonitrile,CC(=C)C#N,*[CH2:1][C](C)C#N,0.46,Ethyl methacrylate,CCOC(=O)C(C)=C,*[CH2:1][C](C)C(=O)OCC,0.83,353,*[CH2:1][C](C)C#N.CC(=C)C#N>>*[CH2:1]C(C)(C#N)[CH2:1][C](C)C#N,*[CH2:1][C](C)C#N.CCOC(=O)C(C)=C>>*[CH2:1]C(C)(C#N)[CH2:1][C](C)C(=O)OCC,*[CH2:1][C](C)C(=O)OCC.CC(=C)C#N>>*[CH2:1]C(C)(C(=O)OCC)[CH2:1][C](C)C#N,*[CH2:1][C](C)C(=O)OCC.CCOC(=O)C(C)=C>>*[CH2:1]C(C)(C(=O)OCC)[CH2:1][C](C)C(=O)OCC
Methacrylonitrile,CC(=C)C#N,*[CH2:1][C](C)C#N,0.25,Styrene,C=Cc1ccccc1,*[CH2:1][CH]c1ccccc1,0.25,353,*[CH2:1][C](C)C#N.CC(=C)C#N>>*[CH2:1]C(C)(C#N)[CH2:1][C](C)C#N,*[CH2:1][C](C)C#N.C=Cc1ccccc1>>*[CH2:1]C(C)(C#N)[CH2:1][CH]c1ccccc1,*[CH2:1][CH]c1ccccc1.CC(=C)C#N>>*[CH2:1]C(c1ccccc1)[CH2:1][C](C)C#N,*[CH2:1][CH]c1ccccc1.C=Cc1ccccc1>>*[CH2:1]C(c1ccccc1)[CH2:1][CH]c1ccccc1
Methacrylonitrile,CC(=C)C#N,*[CH2:1][C](C)C#N,12.0,Vinyl acetate,CC(=O)OC=C,*[CH2:1][CH]OC(C)=O,0.01,343,*[CH2:1][C](C)C#N.CC(=C)C#N>>*[CH2:1]C(C)(C#N)[CH2:1][C](C)C#N,*[CH2:1][C](C)C#N.CC(=O)OC=C>>*[CH2:1]C(C)(C#N)[CH2:1][CH]OC(C)=O,*[CH2:1][CH]OC(C)=O.CC(=C)C#N>>*[CH2:1]C(OC(C)=O)[CH2:1][C](C)C#N,*[CH2:1][CH]OC(C)=O.CC(=O)OC=C>>*[CH2:1]C(OC(C)=O)[CH2:1][CH]OC(C)=O
Methyl acrylate,COC(=O)C=C,*[CH2:1][CH]C(=O)OC,0.84,Acrylonitrile,C=CC#N,*[CH2:1][CH]C#N,1.5,323,*[CH2:1][CH]C(=O)OC.COC(=O)C=C>>*[CH2:1]C(C(=O)OC)[CH2:1][CH]C(=O)OC,*[CH2:1][CH]C(=O)OC.C=CC#N>>*[CH2:1]C(C(=O)OC)[CH2:1][CH]C#N,*[CH2:1][CH]C#N.COC(=O)C=C>>*[CH2:1]C(C#N)[CH2:1][CH]C(=O)OC,*[CH2:1][CH]C#N.C=CC#N>>*[CH2:1]C(C#N)[CH2:1][CH]C#N
Methyl acrylate,COC(=O)C=C,*[CH2:1][CH]C(=O)OC,0.07,"1,3-Butadiene",C=CC=C,*[CH2:1][CH]C=C,1.1,278,*[CH2:1][CH]C(=O)OC.COC(=O)C=C>>*[CH2:1]C(C(=O)OC)[CH2:1][CH]C(=O)OC,*[CH2:1][CH]C(=O)OC.C=CC=C>>*[CH2:1]C(C(=O)OC)[CH2:1][CH]C=C,*[CH2:1][CH]C=C.COC(=O)C=C>>*[CH2:1]C(C=C)[CH2:1][CH]C(=O)OC,*[CH2:1][CH]C=C.C=CC=C>>*[CH2:1]C(C=C)[CH2:1][CH]C=C
Methyl acrylate,COC(=O)C=C,*[CH2:1][CH]C(=O)OC,3.6,Butyl vinyl ether,CCCCOC=C,*[CH2:1][CH]OCCCC,0.0,333,*[CH2:1][CH]C(=O)OC.COC(=O)C=C>>*[CH2:1]C(C(=O)OC)[CH2:1][CH]C(=O)OC,*[CH2:1][CH]C(=O)OC.CCCCOC=C>>*[CH2:1]C(C(=O)OC)[CH2:1][CH]OCCCC,*[CH2:1][CH]OCCCC.COC(=O)C=C>>*[CH2:1]C(OCCCC)[CH2:1][CH]C(=O)OC,*[CH2:1][CH]OCCCC.CCCCOC=C>>*[CH2:1]C(OCCCC)[CH2:1][CH]OCCCC
Methyl acrylate,COC(=O)C=C,*[CH2:1][CH]C(=O)OC,2.8,Maleic anhydride,O=C1OC(=O)C=C1,*[CH:1]1[CH]C(=O)OC1=O,0.012,348,*[CH2:1][CH]C(=O)OC.COC(=O)C=C>>*[CH2:1]C(C(=O)OC)[CH2:1][CH]C(=O)OC,*[CH2:1][CH]C(=O)OC.O=C1OC(=O)C=C1>>*[CH2:1]C(C(=O)OC)[CH:1]1[CH]C(=O)OC1=O,*[CH:1]1[CH]C(=O)OC1=O.COC(=O)C=C>>*[CH:1]1C(=O)OC(=O)C1[CH2:1][CH]C(=O)OC,*[CH:1]1[CH]C(=O)OC1=O.O=C1OC(=O)C=C1>>*[CH:1]1C(=O)OC(=O)C1[CH:1]1[CH]C(=O)OC1=O
Methyl acrylate,COC(=O)C=C,*[CH2:1][CH]C(=O)OC,0.4,Methyl methacrylate,COC(=O)C(C)=C,*[CH2:1][C](C)C(=O)OC,2.2,323,*[CH2:1][CH]C(=O)OC.COC(=O)C=C>>*[CH2:1]C(C(=O)OC)[CH2:1][CH]C(=O)OC,*[CH2:1][CH]C(=O)OC.COC(=O)C(C)=C>>*[CH2:1]C(C(=O)OC)[CH2:1][C](C)C(=O)OC,*[CH2:1][C](C)C(=O)OC.COC(=O)C=C>>*[CH2:1]C(C)(C(=O)OC)[CH2:1][CH]C(=O)OC,*[CH2:1][C](C)C(=O)OC.COC(=O)C(C)=C>>*[CH2:1]C(C)(C(=O)OC)[CH2:1][C](C)C(=O)OC
Methyl acrylate,COC(=O)C=C,*[CH2:1][CH]C(=O)OC,0.8,Styrene,C=Cc1ccccc1,*[CH2:1][CH]c1ccccc1,0.19,333,*[CH2:1][CH]C(=O)OC.COC(=O)C=C>>*[CH2:1]C(C(=O)OC)[CH2:1][CH]C(=O)OC,*[CH2:1][CH]C(=O)OC.C=Cc1ccccc1>>*[CH2:1]C(C(=O)OC)[CH2:1][CH]c1ccccc1,*[CH2:1][CH]c1ccccc1.COC(=O)C=C>>*[CH2:1]C(c1ccccc1)[CH2:1][CH]C(=O)OC,*[CH2:1][CH]c1ccccc1.C=Cc1ccccc1>>*[CH2:1]C(c1ccccc1)[CH2:1][CH]c1ccccc1
Methyl acrylate,COC(=O)C=C,*[CH2:1][CH]C(=O)OC,6.4,Vinyl acetate,CC(=O)OC=C,*[CH2:1][CH]OC(C)=O,0.03,333,*[CH2:1][CH]C(=O)OC.COC(=O)C=C>>*[CH2:1]C(C(=O)OC)[CH2:1][CH]C(=O)OC,*[CH2:1][CH]C(=O)OC.CC(=O)OC=C>>*[CH2:1]C(C(=O)OC)[CH2:1][CH]OC(C)=O,*[CH2:1][CH]OC(C)=O.COC(=O)C=C>>*[CH2:1]C(OC(C)=O)[CH2:1][CH]C(=O)OC,*[CH2:1][CH]OC(C)=O.CC(=O)OC=C>>*[CH2:1]C(OC(C)=O)[CH2:1][CH]OC(C)=O
Methyl acrylate,COC(=O)C=C,*[CH2:1][CH]C(=O)OC,4.4,Vinyl chloride,ClC=C,*[CH2:1][CH]Cl,0.093,323,*[CH2:1][CH]C(=O)OC.COC(=O)C=C>>*[CH2:1]C(C(=O)OC)[CH2:1][CH]C(=O)OC,*[CH2:1][CH]C(=O)OC.ClC=C>>*[CH2:1]C(C(=O)OC)[CH2:1][CH]Cl,*[CH2:1][CH]Cl.COC(=O)C=C>>*[CH2:1]C(Cl)[CH2:1][CH]C(=O)OC,*[CH2:1][CH]Cl.ClC=C>>*[CH2:1]C(Cl)[CH2:1][CH]Cl
Methyl acrylate,COC(=O)C=C,*[CH2:1][CH]C(=O)OC,0.17,2-Vinylpyridine,C=Cc1ccccn1,*[CH2:1][CH]c1ccccn1,1.7,333,*[CH2:1][CH]C(=O)OC.COC(=O)C=C>>*[CH2:1]C(C(=O)OC)[CH2:1][CH]C(=O)OC,*[CH2:1][CH]C(=O)OC.C=Cc1ccccn1>>*[CH2:1]C(C(=O)OC)[CH2:1][CH]c1ccccn1,*[CH2:1][CH]c1ccccn1.COC(=O)C=C>>*[CH2:1]C(c1ccccn1)[CH2:1][CH]C(=O)OC,*[CH2:1][CH]c1ccccn1.C=Cc1ccccn1>>*[CH2:1]C(c1ccccn1)[CH2:1][CH]c1ccccn1
Methyl acrylate,COC(=O)C=C,*[CH2:1][CH]C(=O)OC,0.2,4-Vinylpyridine,C=Cc1ccncc1,*[CH2:1][CH]c1ccncc1,1.7,333,*[CH2:1][CH]C(=O)OC.COC(=O)C=C>>*[CH2:1]C(C(=O)OC)[CH2:1][CH]C(=O)OC,*[CH2:1][CH]C(=O)OC.C=Cc1ccncc1>>*[CH2:1]C(C(=O)OC)[CH2:1][CH]c1ccncc1,*[CH2:1][CH]c1ccncc1.COC(=O)C=C>>*[CH2:1]C(c1ccncc1)[CH2:1][CH]C(=O)OC,*[CH2:1][CH]c1ccncc1.C=Cc1ccncc1>>*[CH2:1]C(c1ccncc1)[CH2:1][CH]c1ccncc1
Methyl methacrylate,COC(=O)C(C)=C,*[CH2:1][C](C)C(=O)OC,0.36,Acenaphthylene,c1cc2cccc3C=Cc(c1)c23,*[CH:1]1[CH]c2cccc3cccc1c23,1.1,333,*[CH2:1][C](C)C(=O)OC.COC(=O)C(C)=C>>*[CH2:1]C(C)(C(=O)OC)[CH2:1][C](C)C(=O)OC,*[CH2:1][C](C)C(=O)OC.c1cc2cccc3C=Cc(c1)c23>>*[CH2:1]C(C)(C(=O)OC)[CH:1]1[CH]c2cccc3cccc1c23,*[CH:1]1[CH]c2cccc3cccc1c23.COC(=O)C(C)=C>>*[CH:1]1c2cccc3cccc(c23)C1[CH2:1][C](C)C(=O)OC,*[CH:1]1[CH]c2cccc3cccc1c23.c1cc2cccc3C=Cc(c1)c23>>*[CH:1]1c2cccc3cccc(c23)C1[CH:1]1[CH]c2cccc3cccc1c23
Methyl methacrylate,COC(=O)C(C)=C,*[CH2:1][C](C)C(=O)OC,0.46,Styrene,C=Cc1ccccc1,*[CH2:1][CH]c1ccccc1,0.52,333,*[CH2:1][C](C)C(=O)OC.COC(=O)C(C)=C>>*[CH2:1]C(C)(C(=O)OC)[CH2:1][C](C)C(=O)OC,*[CH2:1][C](C)C(=O)OC.C=Cc1ccccc1>>*[CH2:1]C(C)(C(=O)OC)[CH2:1][CH]c1ccccc1,*[CH2:1][CH]c1ccccc1.COC(=O)C(C)=C>>*[CH2:1]C(c1ccccc1)[CH2:1][C](C)C(=O)OC,*[CH2:1][CH]c1ccccc1.C=Cc1ccccc1>>*[CH2:1]C(c1ccccc1)[CH2:1][CH]c1ccccc1
Methyl methacrylate,COC(=O)C(C)=C,*[CH2:1][C](C)C(=O)OC,9.0,Vinyl chloride,ClC=C,*[CH2:1][CH]Cl,0.07,341,*[CH2:1][C](C)C(=O)OC.COC(=O)C(C)=C>>*[CH2:1]C(C)(C(=O)OC)[CH2:1][C](C)C(=O)OC,*[CH2:1][C](C)C(=O)OC.ClC=C>>*[CH2:1]C(C)(C(=O)OC)[CH2:1][CH]Cl,*[CH2:1][CH]Cl.COC(=O)C(C)=C>>*[CH2:1]C(Cl)[CH2:1][C](C)C(=O)OC,*[CH2:1][CH]Cl.ClC=C>>*[CH2:1]C(Cl)[CH2:1][CH]Cl
Methyl methacrylate,COC(=O)C(C)=C,*[CH2:1][C](C)C(=O)OC,2.4,Vinylidene chloride,ClC(Cl)=C,*[CH2:1][C](Cl)Cl,0.36,333,*[CH2:1][C](C)C(=O)OC.COC(=O)C(C)=C>>*[CH2:1]C(C)(C(=O)OC)[CH2:1][C](C)C(=O)OC,*[CH2:1][C](C)C(=O)OC.ClC(Cl)=C>>*[CH2:1]C(C)(C(=O)OC)[CH2:1][C](Cl)Cl,*[CH2:1][C](Cl)Cl.COC(=O)C(C)=C>>*[CH2:1]C(Cl)(Cl)[CH2:1][C](C)C(=O)OC,*[CH2:1][C](Cl)Cl.ClC(Cl)=C>>*[CH2:1]C(Cl)(Cl)[CH2:1][C](Cl)Cl
alpha-Methylstyrene,CC(=C)c1ccccc1,*[CH2:1][C](C)c1ccccc1,0.14,Acrylonitrile,C=CC#N,*[CH2:1][CH]C#N,0.03,348,*[CH2:1][C](C)c1ccccc1.CC(=C)c1ccccc1>>*[CH2:1]C(C)(c1ccccc1)[CH2:1][C](C)c1ccccc1,*[CH2:1][C](C)c1ccccc1.C=CC#N>>*[CH2:1]C(C)(c1ccccc1)[CH2:1][CH]C#N,*[CH2:1][CH]C#N.CC(=C)c1ccccc1>>*[CH2:1]C(C#N)[CH2:1][C](C)c1ccccc1,*[CH2:1][CH]C#N.C=CC#N>>*[CH2:1]C(C#N)[CH2:1][CH]C#N
alpha-Methylstyrene,CC(=C)c1ccccc1,*[CH2:1][C](C)c1ccccc1,0.04,Maleic anhydride,O=C1OC(=O)C=C1,*[CH:1]1[CH]C(=O)OC1=O,0.08,333,*[CH2:1][C](C)c1ccccc1.CC(=C)c1ccccc1>>*[CH2:1]C(C)(c1ccccc1)[CH2:1][C](C)c1ccccc1,*[CH2:1][C](C)c1ccccc1.O=C1OC(=O)C=C1>>*[CH2:1]C(C)(c1ccccc1)[CH:1]1[CH]C(=O)OC1=O,*[CH:1]1[CH]C(=O)OC1=O.CC(=C)c1ccccc1>>*[CH:1]1C(=O)OC(=O)C1[CH2:1][C](C)c1ccccc1,*[CH:1]1[CH]C(=O)OC1=O.O=C1OC(=O)C=C1>>*[CH:1]1C(=O)OC(=O)C1[CH:1]1[CH]C(=O)OC1=O
alpha-Methylstyrene,CC(=C)c1ccccc1,*[CH2:1][C](C)c1ccccc1,0.27,Methyl methacrylate,COC(=O)C(C)=C,*[CH2:1][C](C)C(=O)OC,0.48,333,*[CH2:1][C](C)c1ccccc1.CC(=C)c1ccccc1>>*[CH2:1]C(C)(c1ccccc1)[CH2:1][C](C)c1ccccc1,*[CH2:1][C](C)c1ccccc1.COC(=O)C(C)=C>>*[CH2:1]C(C)(c1ccccc1)[CH2:1][C](C)C(=O)OC,*[CH2:1][C](C)C(=O)OC.CC(=C)c1ccccc1>>*[CH2:1]C(C)(C(=O)OC)[CH2:1][C](C)c1ccccc1,*[CH2:1][C](C)C(=O)OC.COC(=O)C(C)=C>>*[CH2:1]C(C)(C(=O)OC)[CH2:1][C](C)C(=O)OC
alpha-Methylstyrene,CC(=C)c1ccccc1,*[CH2:1][C](C)c1ccccc1,0.14,Styrene,C=Cc1ccccc1,*[CH2:1][CH]c1ccccc1,1.2,333,*[CH2:1][C](C)c1ccccc1.CC(=C)c1ccccc1>>*[CH2:1]C(C)(c1ccccc1)[CH2:1][C](C)c1ccccc1,*[CH2:1][C](C)c1ccccc1.C=Cc1ccccc1>>*[CH2:1]C(C)(c1ccccc1)[CH2:1][CH]c1ccccc1,*[CH2:1][CH]c1ccccc1.CC(=C)c1ccccc1>>*[CH2:1]C(c1ccccc1)[CH2:1][C](C)c1ccccc1,*[CH2:1][CH]c1ccccc1.C=Cc1ccccc1>>*[CH2:1]C(c1ccccc1)[CH2:1][CH]c1ccccc1
Methyl vinyl ketone,CC(=O)C=C,*[CH2:1][CH]C(C)=O,0.35,Styrene,C=Cc1ccccc1,*[CH2:1][CH]c1ccccc1,0.29,333,*[CH2:1][CH]C(C)=O.CC(=O)C=C>>*[CH2:1]C(C(C)=O)[CH2:1][CH]C(C)=O,*[CH2:1][CH]C(C)=O.C=Cc1ccccc1>>*[CH2:1]C(C(C)=O)[CH2:1][CH]c1ccccc1,*[CH2:1][CH]c1ccccc1.CC(=O)C=C>>*[CH2:1]C(c1ccccc1)[CH2:1][CH]C(C)=O,*[CH2:1][CH]c1ccccc1.C=Cc1ccccc1>>*[CH2:1]C(c1ccccc1)[CH2:1][CH]c1ccccc1
Methyl vinyl ketone,CC(=O)C=C,*[CH2:1][CH]C(C)=O,8.3,Vinyl chloride,ClC=C,*[CH2:1][CH]Cl,0.1,343,*[CH2:1][CH]C(C)=O.CC(=O)C=C>>*[CH2:1]C(C(C)=O)[CH2:1][CH]C(C)=O,*[CH2:1][CH]C(C)=O.ClC=C>>*[CH2:1]C(C(C)=O)[CH2:1][CH]Cl,*[CH2:1][CH]Cl.CC(=O)C=C>>*[CH2:1]C(Cl)[CH2:1][CH]C(C)=O,*[CH2:1][CH]Cl.ClC=C>>*[CH2:1]C(Cl)[CH2:1][CH]Cl
Methyl vinyl ketone,CC(=O)C=C,*[CH2:1][CH]C(C)=O,1.8,Vinylidene chloride,ClC(Cl)=C,*[CH2:1][C](Cl)Cl,0.55,343,*[CH2:1][CH]C(C)=O.CC(=O)C=C>>*[CH2:1]C(C(C)=O)[CH2:1][CH]C(C)=O,*[CH2:1][CH]C(C)=O.ClC(Cl)=C>>*[CH2:1]C(C(C)=O)[CH2:1][C](Cl)Cl,*[CH2:1][C](Cl)Cl.CC(=O)C=C>>*[CH2:1]C(Cl)(Cl)[CH2:1][CH]C(C)=O,*[CH2:1][C](Cl)Cl.ClC(Cl)=C>>*[CH2:1]C(Cl)(Cl)[CH2:1][C](Cl)Cl
Styrene,C=Cc1ccccc1,*[CH2:1][CH]c1ccccc1,90.0,Ethyl vinyl ether,CCOC=C,*[CH2:1][CH]OCC,0.0,353,*[CH2:1][CH]c1ccccc1.C=Cc1ccccc1>>*[CH2:1]C(c1ccccc1)[CH2:1][CH]c1ccccc1,*[CH2:1][CH]c1ccccc1.CCOC=C>>*[CH2:1]C(c1ccccc1)[CH2:1][CH]OCC,*[CH2:1][CH]OCC.C=Cc1ccccc1>>*[CH2:1]C(OCC)[CH2:1][CH]c1ccccc1,*[CH2:1][CH]OCC.CCOC=C>>*[CH2:1]C(OCC)[CH2:1][CH]OCC
Styrene,C=Cc1ccccc1,*[CH2:1][CH]c1ccccc1,42.0,Vinyl acetate,CC(=O)OC=C,*[CH2:1][CH]OC(C)=O,0.0,333,*[CH2:1][CH]c1ccccc1.C=Cc1ccccc1>>*[CH2:1]C(c1ccccc1)[CH2:1][CH]c1ccccc1,*[CH2:1][CH]c1ccccc1.CC(=O)OC=C>>*[CH2:1]C(c1ccccc1)[CH2:1][CH]OC(C)=O,*[CH2:1][CH]OC(C)=O.C=Cc1ccccc1>>*[CH2:1]C(OC(C)=O)[CH2:1][CH]c1ccccc1,*[CH2:1][CH]OC(C)=O.CC(=O)OC=C>>*[CH2:1]C(OC(C)=O)[CH2:1][CH]OC(C)=O
Styrene,C=Cc1ccccc1,*[CH2:1][CH]c1ccccc1,15.0,Vinyl chloride,ClC=C,*[CH2:1][CH]Cl,0.01,333,*[CH2:1][CH]c1ccccc1.C=Cc1ccccc1>>*[CH2:1]C(c1ccccc1)[CH2:1][CH]c1ccccc1,*[CH2:1][CH]c1ccccc1.ClC=C>>*[CH2:1]C(c1ccccc1)[CH2:1][CH]Cl,*[CH2:1][CH]Cl.C=Cc1ccccc1>>*[CH2:1]C(Cl)[CH2:1][CH]c1ccccc1,*[CH2:1][CH]Cl.ClC=C>>*[CH2:1]C(Cl)[CH2:1][CH]Cl
Styrene,C=Cc1ccccc1,*[CH2:1][CH]c1ccccc1,1.8,Vinylidene chloride,ClC(Cl)=C,*[CH2:1][C](Cl)Cl,0.13,333,*[CH2:1][CH]c1ccccc1.C=Cc1ccccc1>>*[CH2:1]C(c1ccccc1)[CH2:1][CH]c1ccccc1,*[CH2:1][CH]c1ccccc1.ClC(Cl)=C>>*[CH2:1]C(c1ccccc1)[CH2:1][C](Cl)Cl,*[CH2:1][C](Cl)Cl.C=Cc1ccccc1>>*[CH2:1]C(Cl)(Cl)[CH2:1][CH]c1ccccc1,*[CH2:1][C](Cl)Cl.ClC(Cl)=C>>*[CH2:1]C(Cl)(Cl)[CH2:1][C](Cl)Cl
Vinyl acetate,CC(=O)OC=C,*[CH2:1][CH]OC(C)=O,3.4,Ethyl vinyl ether,CCOC=C,*[CH2:1][CH]OCC,0.26,333,*[CH2:1][CH]OC(C)=O.CC(=O)OC=C>>*[CH2:1]C(OC(C)=O)[CH2:1][CH]OC(C)=O,*[CH2:1][CH]OC(C)=O.CCOC=C>>*[CH2:1]C(OC(C)=O)[CH2:1][CH]OCC,*[CH2:1][CH]OCC.CC(=O)OC=C>>*[CH2:1]C(OCC)[CH2:1][CH]OC(C)=O,*[CH2:1][CH]OCC.CCOC=C>>*[CH2:1]C(OCC)[CH2:1][CH]OCC
Vinyl acetate,CC(=O)OC=C,*[CH2:1][CH]OC(C)=O,0.24,Vinyl chloride,ClC=C,*[CH2:1][CH]Cl,1.8,333,*[CH2:1][CH]OC(C)=O.CC(=O)OC=C>>*[CH2:1]C(OC(C)=O)[CH2:1][CH]OC(C)=O,*[CH2:1][CH]OC(C)=O.ClC=C>>*[CH2:1]C(OC(C)=O)[CH2:1][CH]Cl,*[CH2:1][CH]Cl.CC(=O)OC=C>>*[CH2:1]C(Cl)[CH2:1][CH]OC(C)=O,*[CH2:1][CH]Cl.ClC=C>>*[CH2:1]C(Cl)[CH2:1][CH]Cl
Vinyl acetate,CC(=O)OC=C,*[CH2:1][CH]OC(C)=O,0.03,Vinylidene chloride,ClC(Cl)=C,*[CH2:1][C](Cl)Cl,4.7,341,*[CH2:1][CH]OC(C)=O.CC(=O)OC=C>>*[CH2:1]C(OC(C)=O)[CH2:1][CH]OC(C)=O,*[CH2:1][CH]OC(C)=O.ClC(Cl)=C>>*[CH2:1]C(OC(C)=O)[CH2:1][C](Cl)Cl,*[CH2:1][C](Cl)Cl.CC(=O)OC=C>>*[CH2:1]C(Cl)(Cl)[CH2:1][CH]OC(C)=O,*[CH2:1][C](Cl)Cl.ClC(Cl)=C>>*[CH2:1]C(Cl)(Cl)[CH2:1][C](Cl)Cl
